been,The_Maple_Tree <owner>,jjj
been,The_Maple_Tree <owner>,hjkl;
been,The_Maple_Tree <owner>,Uwu
been,The_Maple_Tree <owner>,UwU
been,The_Maple_Tree <owner>,k
ddd,cum,qwertyui
kk,kk,l
kk,kk,klhjkl
kk,kk,bhjkl
kk,kk,j
room69,PickledFungus,this is a test
room69,PickledFungus,NICE
hello1,The_Tech_Dog,sgh
hello1,The_Tech_Dog,aasdfg
hello1,The_Tech_Dog,sdfg
hello1,The_Tech_Dog,sdfg
hello1,The_Tech_Dog,sdfg
hello1,The_Tech_Do22g,sdfgfds
hello1,The_Tech_Do22g,dfgfds
hello1,The_Tech_Dog,hi
hello1,The_Tech_Dog,jkd.lfgfds
general,admin,dsa
general,admin,dsa
general,admin,da
general,admin,Hello!!
general,test1,peepeepoopoo
general,The_Maple_Tree <owner>,gjhk.
general,The_Maple_Tree <owner>,gfhjhj'
general,Do,V st d has
general,test,hi
general,test,d
general,mat,hello
general,mat,anyone here?
general,admin,pee
general,maximilian,hello
general,admin,hello everybody
general,Adolf,Hello everybody
general,admin,hello!
general,admin,Hello, everybody!
general,AdolfIZgaming,bruh
general,user,hello
general,user,how is everyone doing
general,user,fds
general,user,sd
general,user,f
general,user,dsf
general,user,dfs
general,user,dsadsad
general,user,asdasd
general,latshbaj@gmail.com,eijvkdncsc
general,krazyk,hello
general,John,John
general,John,Ni
general,The_Maple_Tree,g
general,John,G
general,The_Maple_Tree,e
general,John,Rats
general,The_Maple_Tree,alert("hi")
general,The_Maple_Tree,<h1>d</h1>
general,The_Maple_Tree,dfgg
